{"sections":{"main":{"type":"main-page","settings":{"padding_top":36,"padding_bottom":36}},"form":{"type":"contact-form","settings":{"heading":"","heading_size":"h1","heading1":"YOUR INFORMATION","title1":"LET US CREATE THE BALLOONS OF YOUR DREAMS!","desc1":"First, tell us a little bit about yourself.","heading2":"EVENT DETAILS","title2":"WHEN & WHERE IS THIS EVENT HAPPENING?","desc2":"","heading3":"OCCASION & THEME","title3":"LASTLY, HOW DO YOU IMAGINE IT?","desc3":"","color_scheme":"background-1","padding_top":36,"padding_bottom":36}}},"order":["main","form"]}